vdp.onnx,vdp_0.vnnlib,10
vdp.onnx,vdp_1.vnnlib,10
vdp.onnx,vdp_2.vnnlib,10
vdp.onnx,vdp_3.vnnlib,10
vdp.onnx,vdp_4.vnnlib,10
vdp.onnx,vdp_5.vnnlib,10
vdp.onnx,vdp_6.vnnlib,10
vdp.onnx,vdp_7.vnnlib,10
vdp.onnx,vdp_8.vnnlib,10
vdp.onnx,vdp_9.vnnlib,10
vdp.onnx,vdp_10.vnnlib,10
vdp.onnx,vdp_11.vnnlib,10
robot.onnx,robot_0.vnnlib,10
robot.onnx,robot_1.vnnlib,10
robot.onnx,robot_2.vnnlib,10
robot.onnx,robot_3.vnnlib,10
robot.onnx,robot_4.vnnlib,10
robot.onnx,robot_5.vnnlib,10
robot.onnx,robot_6.vnnlib,10
robot.onnx,robot_7.vnnlib,10
robot.onnx,robot_8.vnnlib,10
robot.onnx,robot_9.vnnlib,10
robot.onnx,robot_10.vnnlib,10
robot.onnx,robot_11.vnnlib,10
gcas.onnx,gcas_0.vnnlib,10
gcas.onnx,gcas_1.vnnlib,10
gcas.onnx,gcas_2.vnnlib,10
gcas.onnx,gcas_3.vnnlib,10
gcas.onnx,gcas_4.vnnlib,10
gcas.onnx,gcas_5.vnnlib,10
gcas.onnx,gcas_6.vnnlib,10
gcas.onnx,gcas_7.vnnlib,10
gcas.onnx,gcas_8.vnnlib,10
gcas.onnx,gcas_9.vnnlib,10
gcas.onnx,gcas_10.vnnlib,10
gcas.onnx,gcas_11.vnnlib,10
